pdb_id,af_model_id,pdb_id_ori,pdb2sql_DockQ,p-DockQ_af,entire_ligand_RMSD_after_min,side_chain_RMSD_after_min
1b0hB,8,1b0h,0.86,0.91707766,3.727835728509238,6.235644918166408
1b0hB,9,1b0h,0.86,0.8192794,1.0761445676277808,2.590344700356821
1b0hB,7,1b0h,0.86,0.9619626,2.2696581859940936,3.7038859569131146
1b0hB,6,1b0h,0.86,0.9175297,1.3078038570716288,2.05311693355667
1b0hB,4,1b0h,0.86,0.93886435,3.5909354152156516,5.992294764566788
1b0hB,5,1b0h,0.86,0.94501776,1.9708845174819352,3.1592100997789716
1b0hB,1,1b0h,0.86,0.9608532,1.907379607930734,3.0088051388610006
1b0hB,2,1b0h,0.86,0.95627815,0.6930479105011432,0.3354142621784703
1b0hB,3,1b0h,0.86,0.95052516,2.4781027331912617,4.065652994627958
1b1hB,8,1b1h,0.86,0.9669487,1.1459395783554125,1.7227813268084846
1b1hB,9,1b1h,0.86,0.9685019,1.102491535662246,1.6889722836683856
1b1hB,7,1b1h,0.86,0.9918834,2.0076877075467894,3.537957037613657
1b1hB,13,1b1h,0.86,0.9668307,1.3115261050158062,2.083675178620699
1b1hB,12,1b1h,0.86,0.9543795,1.6279095967443689,2.6535475782431335
1b1hB,6,1b1h,0.86,0.97210896,0.6739904583382725,0.3406776335481974
1b1hB,10,1b1h,0.86,0.98445183,1.7361194639492543,2.9814616172273616
1b1hB,4,1b1h,0.86,0.9469137,1.8586714016496688,3.0584214678490604
1b1hB,5,1b1h,0.86,0.965307,1.3023081366399507,2.0626131181101317
1b1hB,11,1b1h,0.86,0.9743778,1.9642915806450696,3.457639368123865
1b1hB,1,1b1h,0.86,0.9505264,2.731969821108622,4.991281586426476
1b1hB,2,1b1h,0.86,0.97750247,2.0875279308476244,3.7116786296768742
1b1hB,3,1b1h,0.86,0.9095326,2.032374040716745,3.2307281106586476
1b2hB,8,1b2h,0.87,0.95541114,0.8129566778125389,0.8293440178840141
1b2hB,7,1b2h,0.87,0.9684731,0.8400339993119328,0.9455789231999628
1b2hB,6,1b2h,0.87,0.9636136,1.7836884032812463,4.117877669382616
1b2hB,4,1b2h,0.87,0.9665089,1.7422410740193222,3.953443246083091
1b2hB,5,1b2h,0.87,0.9608277,0.8568213582772084,1.059761175925973
1b2hB,1,1b2h,0.87,0.9562093,0.8214518366891636,0.8457552837552957
1b2hB,2,1b2h,0.87,0.96170264,1.5176565092273029,3.36251315982555
1b2hB,3,1b2h,0.87,0.9565284,1.1469031345322935,2.115461533566611
1b5hB,1,1b5h,0.88,0.9748391,0.7647073893355206,1.209464964354072
1b5hB,2,1b5h,0.88,0.969218,0.8628781716618137,1.6964927055546095
1b5hB,3,1b5h,0.88,0.96668565,0.7146213652362865,0.5383019598701074
1b6hB,4,1b6h,0.87,0.98372877,1.003336018822541,1.903812578310515
1b6hB,1,1b6h,0.87,0.9774969,1.0695205506830303,2.0501688548344816
1b6hB,2,1b6h,0.87,0.9808669,0.7532663318287014,0.2646985707051195
1b6hB,3,1b6h,0.87,0.9785614,0.9614666097513044,1.629943966317043
1b7hB,8,1b7h,0.86,0.9721608,1.1153200616863306,1.1134973057892847
1b7hB,9,1b7h,0.86,0.9755075,1.049205718627191,0.8137857519027957
1b7hB,7,1b7h,0.86,0.97024137,1.5529499669982938,2.7760326457014157
1b7hB,6,1b7h,0.86,0.9777472,1.317491054998098,2.1644070781625153
1b7hB,10,1b7h,0.86,0.9666734,1.485550578068617,2.6942329613454
1b7hB,4,1b7h,0.86,0.9796089,0.9223111188747536,1.2078570900566
1b7hB,5,1b7h,0.86,0.9755569,1.1680061643672948,1.297478130836894
1b7hB,11,1b7h,0.86,0.9838173,1.6435259413833418,3.1638538208962803
1b7hB,1,1b7h,0.86,0.97330153,1.4151119249020547,2.4616126827752556
1b7hB,2,1b7h,0.86,0.9625356,1.17975909405268,1.5436286794433425
1b7hB,3,1b7h,0.86,0.97284895,1.1089296641356474,1.2258863120208157
1d6wI,7,1d6w,0.86,0.7808617,1.5317228136245074,2.2114749226100967
1d6wI,13,1d6w,0.86,0.7794379,1.5328771196312143,2.2197295255653713
1d6wI,12,1d6w,0.86,0.7844297,1.520741325983994,1.7535259479118068
1d6wI,6,1d6w,0.86,0.75099903,1.5413576131666091,2.250908335169012
1d6wI,10,1d6w,0.86,0.75643015,4.223144653441188,9.44136850956117
1d6wI,4,1d6w,0.86,0.81782734,1.2055254271708895,1.254376172977362
1d6wI,5,1d6w,0.86,0.7362733,1.4500821336891383,1.7910175878533408
1d6wI,11,1d6w,0.86,0.7322979,1.2811779735852469,1.7752556153973995
1d6wI,15,1d6w,0.86,0.7975954,1.2473811622310516,1.5963879802019725
1d6wI,1,1d6w,0.86,0.77189887,1.4127881711943469,1.7610398206741382
1d6wI,14,1d6w,0.86,0.7115751,1.272915152754146,1.7992267320527815
1d6wI,2,1d6w,0.86,0.7847922,1.607814868937894,2.16758713781015
1d6wI,16,1d6w,0.86,0.5986908,2.8787367666093706,3.1138936839590396
1d6wI,17,1d6w,0.86,0.72566473,4.1851978895865845,9.427746991372503
1d6wI,3,1d6w,0.86,0.7562698,1.419425519552032,1.8186824214249169
1d6wI,26,1d6w,0.86,0.738848,1.17989154398002,1.2948088983835926
1d6wI,27,1d6w,0.86,0.7358242,1.3055877667421163,1.890987242156858
1d6wI,25,1d6w,0.86,0.6764141,3.114010432259696,7.074218767232652
1d6wI,19,1d6w,0.86,0.73597354,3.2725289744918817,5.274461362704884
1d6wI,18,1d6w,0.86,0.7246137,1.313053999481954,1.8484531596265383
1d6wI,24,1d6w,0.86,0.6365335,2.841028148902637,2.9797570370753386
1d6wI,8,1d6w,0.86,0.6140367,2.8462873813342986,2.97061569796566
1d6wI,20,1d6w,0.86,0.6165426,2.849144563348294,2.965082587382686
1d6wI,21,1d6w,0.86,0.8080997,1.890746876237007,2.9686503246424967
1d6wI,9,1d6w,0.86,0.8424621,4.78412681717132,10.903480694255393
1d6wI,23,1d6w,0.86,0.8151035,2.1762411911877377,3.3999514947520457
1d6wI,22,1d6w,0.86,0.737069,1.1841152639558925,1.2752522626262353
1d9iI,7,1d9i,0.89,0.66456056,1.392062937006885,1.9968701760505112
1d9iI,13,1d9i,0.89,0.6864072,1.1805545680887837,0.8683453614010191
1d9iI,12,1d9i,0.89,0.66116965,1.3134849189666935,1.6125715229615911
1d9iI,6,1d9i,0.89,0.7665187,2.992649234570679,5.30052123223116
1d9iI,10,1d9i,0.89,0.70689946,1.4373131950233518,2.1030556935088525
1d9iI,4,1d9i,0.89,0.6984271,3.178800351779046,5.482749652318625
1d9iI,5,1d9i,0.89,0.6553675,2.3252669954222465,3.0690595814167105
1d9iI,11,1d9i,0.89,0.7578764,5.3485550082681765,11.988058207371756
1d9iI,15,1d9i,0.89,0.64069176,1.1831568192017192,0.8781924618214391
1d9iI,1,1d9i,0.89,0.72330457,1.4404639775392634,2.0998031653784444
1d9iI,14,1d9i,0.89,0.661898,3.845021454464737,7.462364443213246
1d9iI,2,1d9i,0.89,0.7533952,3.3821740028115226,5.685141804153467
1d9iI,16,1d9i,0.89,0.6360042,3.540354323410881,6.390113757464207
1d9iI,17,1d9i,0.89,0.80758053,1.8000903245311295,3.155948510353108
1d9iI,3,1d9i,0.89,0.5995529,3.065571079606155,5.837462997741399
1d9iI,26,1d9i,0.89,0.66630495,1.2752446478086883,1.452239276657489
1d9iI,27,1d9i,0.89,0.6488652,1.266299652066417,1.4156116758019008
1d9iI,25,1d9i,0.89,0.69781,1.4402292913854746,1.8899357793321976
1d9iI,19,1d9i,0.89,0.64347076,1.2726765912368911,1.4282939415027054
1d9iI,18,1d9i,0.89,0.670056,2.9291367605089227,5.444207342059387
1d9iI,24,1d9i,0.89,0.7570025,5.330333413035027,11.962507262275748
1d9iI,8,1d9i,0.89,0.68137455,2.382376887340316,3.1246314296935203
1d9iI,20,1d9i,0.89,0.6952245,1.4883809502077,2.0997600061276844
1d9iI,21,1d9i,0.89,0.6667971,1.24059867545045,1.2786151362574536
1d9iI,9,1d9i,0.89,0.68832064,1.2479577905757964,1.2848072164077122
1d9iI,23,1d9i,0.89,0.80835557,1.7101725188172237,2.9407611117985537
1d9iI,22,1d9i,0.89,0.7052708,1.2672302474294084,1.349475052257976
1dojB,7,1doj,0.85,0.6563045,4.034702487999167,8.933903145695426
1dojB,13,1doj,0.85,0.57240695,3.082151776183089,6.445217833143163
1dojB,12,1doj,0.85,0.7446333,3.1824238740754995,6.634383524488163
1dojB,6,1doj,0.85,0.5022361,3.7243199171443497,8.134536946460647
1dojB,10,1doj,0.85,0.78632593,4.354685574456662,9.831128614423337
1dojB,4,1doj,0.85,0.7024056,3.424659837122513,7.518661211722912
1dojB,38,1doj,0.85,0.8298087,1.7482303263041528,1.958858808932725
1dojB,39,1doj,0.85,0.74781346,3.9386631222378226,8.300210173041805
1dojB,5,1doj,0.85,0.63479173,3.471011122754537,7.399500152037297
1dojB,11,1doj,0.85,0.60920197,3.070872768371202,6.522046061883749
1dojB,29,1doj,0.85,0.543021,3.941847164899797,9.216974566888348
1dojB,15,1doj,0.85,0.44844764,3.879877612208184,9.04671478585827
1dojB,1,1doj,0.85,0.66384643,3.5085132619848833,7.196887348013721
1dojB,14,1doj,0.85,0.623034,3.4756905274861776,7.43481808228464
1dojB,28,1doj,0.85,0.6823077,4.146004546835537,9.370111174189272
1dojB,2,1doj,0.85,0.4153812,3.909167511242308,9.018130160035025
1dojB,16,1doj,0.85,0.7785438,3.975161335450065,8.898224513912872
1dojB,17,1doj,0.85,0.623815,3.33257053117231,7.712280537126053
1dojB,3,1doj,0.85,0.8094233,4.884799364695887,11.371542742008817
1dojB,40,1doj,0.85,0.79553825,1.743712651076378,2.177156134348966
1dojB,26,1doj,0.85,0.673957,2.826479968424464,5.710150005326771
1dojB,32,1doj,0.85,0.7095064,3.1804500130821554,6.508984707054292
1dojB,33,1doj,0.85,0.7107458,4.31197921769221,9.685577723261185
1dojB,27,1doj,0.85,0.68719155,4.105429858300903,9.738865000604536
1dojB,31,1doj,0.85,0.7772231,5.182696084315667,12.406571178882048
1dojB,25,1doj,0.85,0.51372695,3.1044821054174467,6.265669038498602
1dojB,19,1doj,0.85,0.5968538,3.444903644377825,7.098287915640878
1dojB,18,1doj,0.85,0.66311044,3.136204868338558,6.373144089327757
1dojB,24,1doj,0.85,0.49176675,3.8136915842789385,8.238908716167046
1dojB,30,1doj,0.85,0.82269084,1.781533418555086,2.2647950054401536
1dojB,8,1doj,0.85,0.7446331,3.4409536624521486,7.138542492460675
1dojB,34,1doj,0.85,0.76519656,5.136489858982355,12.223667463163418
1dojB,20,1doj,0.85,0.8152586,5.030250798443165,11.90873890608629
1dojB,21,1doj,0.85,0.76697034,2.7236853206988645,5.746880972898835
1dojB,35,1doj,0.85,0.6468627,3.8431625850023456,8.327128126391074
1dojB,9,1doj,0.85,0.8330574,1.7151968754135982,1.7235937262978571
1dojB,23,1doj,0.85,0.8311467,1.7663226259796423,2.190904227330198
1dojB,37,1doj,0.85,0.6335877,3.955454105228807,8.775552333044342
1dojB,36,1doj,0.85,0.74066335,4.074995499559303,9.950066984699149
1dojB,22,1doj,0.85,0.78255713,4.351495356005029,10.319903471770782
1hagI,7,1hag,0.8,0.80950457,1.8872727867026993,2.4441557676765746
1hagI,13,1hag,0.8,0.7924174,1.546693314071089,1.0906176002614305
1hagI,12,1hag,0.8,0.7738491,4.375886420034113,10.202526300709382
1hagI,6,1hag,0.8,0.79686743,1.5908967658149664,1.786660338919143
1hagI,10,1hag,0.8,0.8025501,1.6195315660728855,1.7854807242495416
1hagI,4,1hag,0.8,0.78527075,1.6305785404645117,1.5144813468643317
1hagI,5,1hag,0.8,0.806606,2.230741568278236,3.5574373852536043
1hagI,11,1hag,0.8,0.79843855,1.466421835625752,0.6429704503318953
1hagI,29,1hag,0.8,0.80463004,1.713758795102802,2.024416520877065
1hagI,15,1hag,0.8,0.7953546,1.5732699630461953,1.53698693336454
1hagI,1,1hag,0.8,0.8128022,1.5226984079450672,1.0949499988583955
1hagI,14,1hag,0.8,0.81177944,1.7497836860743523,2.0007536704951963
1hagI,28,1hag,0.8,0.83948517,1.994562690084051,3.0437033090190204
1hagI,2,1hag,0.8,0.79782236,1.5791257156965135,1.51982074052611
1hagI,16,1hag,0.8,0.81050986,1.502606851657928,1.1250959959043494
1hagI,17,1hag,0.8,0.76623654,1.5562712972516557,1.1653608525545498
1hagI,3,1hag,0.8,0.7864968,1.6931551619970933,2.0127810155768726
1hagI,26,1hag,0.8,0.7845297,1.6088138729890658,1.765992331995433
1hagI,27,1hag,0.8,0.7281589,5.018172228957524,11.837244273900914
1hagI,31,1hag,0.8,0.8140019,1.6470604511887628,1.7730818744021195
1hagI,25,1hag,0.8,0.63744086,3.286376425941954,6.736075594637183
1hagI,19,1hag,0.8,0.7998558,1.6148679613106245,1.7661022762003338
1hagI,18,1hag,0.8,0.8092784,1.6364258646176462,1.55532110832458
1hagI,24,1hag,0.8,0.7878111,1.581370156360797,1.4058940216104483
1hagI,30,1hag,0.8,0.8247148,5.003744535507721,11.706690950050744
1hagI,8,1hag,0.8,0.843832,1.714334473873663,1.8900674150234251
1hagI,20,1hag,0.8,0.8175041,2.1749386198235574,3.4063015867653292
1hagI,21,1hag,0.8,0.8323281,1.4664201927886094,1.0593867329733746
1hagI,9,1hag,0.8,0.729638,4.634213546526012,10.881593051264751
1hagI,23,1hag,0.8,0.7916444,1.615010554426531,1.7684945810867885
1hagI,22,1hag,0.8,0.81659806,5.1033823136191785,12.04918250684806
1jluS,12,1jlu,0.82,0.8426211,1.8169886907845696,2.85079550301315
1jluS,6,1jlu,0.82,0.8125782,1.8030979957045656,3.014552288483316
1jluS,7,1jlu,0.82,0.8361925,1.9506666798648509,3.260870972608393
1jluS,13,1jlu,0.82,0.8085195,1.8036759912192692,3.14218832981093
1jluS,5,1jlu,0.82,0.80297625,1.7814441341933889,2.5986228083352145
1jluS,11,1jlu,0.82,0.80803436,1.784191775758124,2.630773507924998
1jluS,10,1jlu,0.82,0.81329125,1.7836560151800025,2.916164047168814
1jluS,4,1jlu,0.82,0.8015274,1.7245362001683402,1.058169528005792
1jluS,28,1jlu,0.82,0.8216295,1.86577248327592,3.2183241757162997
1jluS,14,1jlu,0.82,0.7373454,2.090073134442207,4.246066473808436
1jluS,15,1jlu,0.82,0.8275185,1.7903583213142524,2.999498583096848
1jluS,1,1jlu,0.82,0.85076785,1.7807430051544508,1.7189864019241106
1jluS,29,1jlu,0.82,0.80157363,1.7955969317927158,3.0197551225223545
1jluS,17,1jlu,0.82,0.7963327,1.9243252328091571,4.28261006863805
1jluS,3,1jlu,0.82,0.8166191,1.7920260301354238,2.922963094190551
1jluS,2,1jlu,0.82,0.8001412,1.754642124120995,2.489217146011975
1jluS,16,1jlu,0.82,0.80124843,1.8461921633635652,3.042427032814427
1jluS,33,1jlu,0.82,0.80258465,1.8495865457566192,2.427842869709653
1jluS,27,1jlu,0.82,0.8276433,1.7583885707811169,2.3455654968471893
1jluS,26,1jlu,0.82,0.8117287,1.8570294926536215,3.014710226539195
1jluS,32,1jlu,0.82,0.77230173,1.9441288328449808,3.7529360839214942
1jluS,24,1jlu,0.82,0.7983869,1.8488389479034004,3.3076328015667036
1jluS,30,1jlu,0.82,0.8485367,1.7806551685456375,2.6363899085681544
1jluS,18,1jlu,0.82,0.8143565,1.7791052012382995,2.8177062923590883
1jluS,19,1jlu,0.82,0.84216,1.859455622321252,2.5480247251547623
1jluS,31,1jlu,0.82,0.8315473,1.786371705418192,2.9329784349701584
1jluS,25,1jlu,0.82,0.81385064,1.8010237490703578,3.1365147058478784
1jluS,9,1jlu,0.82,0.81440204,1.7916228302445965,2.33434214501645
1jluS,21,1jlu,0.82,0.81933475,1.7794543171058554,2.6182971088094646
1jluS,20,1jlu,0.82,0.8106461,1.822840691610726,2.5871188125016595
1jluS,8,1jlu,0.82,0.80798167,1.8177308533676135,1.3868742733211257
1jluS,22,1jlu,0.82,0.80663824,1.8090835122988504,3.1357544945355658
1jluS,23,1jlu,0.82,0.83852917,1.8342309790625737,2.8045906564060292
1nm6B,7,1nm6,0.84,0.7996565,1.5257708232032332,1.842901900988402
1nm6B,13,1nm6,0.84,0.7470925,1.4548860334646043,1.388930973806834
1nm6B,12,1nm6,0.84,0.81418914,1.5508319073768992,1.7658457133434204
1nm6B,6,1nm6,0.84,0.79082793,4.769689892085927,11.430727637964845
1nm6B,10,1nm6,0.84,0.758188,1.542998455789215,1.4408480141916429
1nm6B,4,1nm6,0.84,0.85925764,1.4028794242600986,1.457754323151424
1nm6B,5,1nm6,0.84,0.71895766,4.391915932204936,10.448433455148512
1nm6B,11,1nm6,0.84,0.78097105,1.6972451644203168,2.1007499454559873
1nm6B,29,1nm6,0.84,0.7765415,1.4789062984199417,1.4358004445836705
1nm6B,15,1nm6,0.84,0.13127993,2.236418328102237,4.0603388200165424
1nm6B,1,1nm6,0.84,0.65498084,4.175975117883868,8.923478423051556
1nm6B,14,1nm6,0.84,0.72980547,1.4986413146992368,1.742278656434345
1nm6B,28,1nm6,0.84,0.48006183,3.834070532978215,8.002429912220412
1nm6B,2,1nm6,0.84,0.88875234,2.045231650980602,3.29189883147503
1nm6B,16,1nm6,0.84,0.79279673,1.527503138951332,1.8402828586931952
1nm6B,17,1nm6,0.84,0.75258857,1.4781165568234311,1.4010468407587235
1nm6B,3,1nm6,0.84,0.8024465,1.5164014257282328,1.7894690553345705
1nm6B,26,1nm6,0.84,0.6768947,3.2342761931886956,6.5116996501169595
1nm6B,32,1nm6,0.84,0.81213653,1.688302270197951,2.3340913292614185
1nm6B,27,1nm6,0.84,0.75946164,1.4647923419168571,1.5619419270041166
1nm6B,31,1nm6,0.84,0.5203321,3.6607619003915057,8.099844098293909
1nm6B,25,1nm6,0.84,0.6870654,2.9313153159429097,6.229421374948613
1nm6B,19,1nm6,0.84,0.7822853,1.5069655636000925,1.7092988084786889
1nm6B,18,1nm6,0.84,0.75656116,1.4482349836615722,1.580705327799376
1nm6B,24,1nm6,0.84,0.7961719,4.5857860333000575,10.905154026116886
1nm6B,30,1nm6,0.84,0.87216175,2.010284206920154,3.392769308888144
1nm6B,8,1nm6,0.84,0.71020174,1.5870686893425117,1.9597481130662344
1nm6B,20,1nm6,0.84,0.7469194,3.5030114434354203,7.599533335453347
1nm6B,21,1nm6,0.84,0.78655297,1.644117403665881,1.9069088205784777
1nm6B,9,1nm6,0.84,0.6747226,3.348252173490514,5.76898989569809
1nm6B,23,1nm6,0.84,0.7431621,1.4229086451159394,1.3372706968548538
1nm6B,22,1nm6,0.84,0.78487617,1.6506056127642634,2.466916310565345
1nt1H,7,1nt1,0.85,0.7681022,5.433870125284699,12.52577753740927
1nt1H,13,1nt1,0.85,0.64077497,3.9336308258857966,8.181783729725444
1nt1H,12,1nt1,0.85,0.77187407,1.6049967409504415,2.042824535620554
1nt1H,6,1nt1,0.85,0.72008693,1.5614771154427087,1.9789665653230897
1nt1H,10,1nt1,0.85,0.69732714,2.909327896214573,4.594475096968822
1nt1H,4,1nt1,0.85,0.7872981,3.8645465037294064,7.0173606268073945
1nt1H,5,1nt1,0.85,0.665951,4.342471758613863,9.90255502383097
1nt1H,11,1nt1,0.85,0.7004459,1.5719552091224416,1.983695436132607
1nt1H,29,1nt1,0.85,0.7143489,1.5472318499293816,1.9080732209919689
1nt1H,15,1nt1,0.85,0.67422163,1.536461673573075,1.8402898322456347
1nt1H,1,1nt1,0.85,0.8633271,2.572984578051118,2.913584463950106
1nt1H,14,1nt1,0.85,0.68801576,1.575856031104755,1.915021692653463
1nt1H,28,1nt1,0.85,0.55368984,2.6830720266142687,5.408192758830501
1nt1H,2,1nt1,0.85,0.7133394,1.4657147420723464,1.4166010082823834
1nt1H,16,1nt1,0.85,0.57750475,2.9133711264637774,6.712376963490653
1nt1H,17,1nt1,0.85,0.6983537,1.441687543942506,1.1836791865478866
1nt1H,3,1nt1,0.85,0.6110854,4.371740541131685,8.799551527398048
1nt1H,26,1nt1,0.85,0.7291093,1.5559572863427444,1.9682378116816408
1nt1H,32,1nt1,0.85,0.61987287,2.752971225343187,3.390622951612285
1nt1H,33,1nt1,0.85,0.7060611,1.5656040081247908,1.7735290148928116
1nt1H,27,1nt1,0.85,0.40312287,3.1498113130300847,7.281601294816042
1nt1H,31,1nt1,0.85,0.71929264,1.5285500755072872,1.6675642416410827
1nt1H,25,1nt1,0.85,0.62078464,3.210991691210932,6.910797415397638
1nt1H,19,1nt1,0.85,0.70875,1.4104688936662164,1.4361243852814425
1nt1H,18,1nt1,0.85,0.7012106,1.5269346996263715,1.826985997027162
1nt1H,24,1nt1,0.85,0.70253086,1.5427768088908007,1.7621188949670792
1nt1H,30,1nt1,0.85,0.7073302,1.562182546212928,1.980407197186141
1nt1H,8,1nt1,0.85,0.668964,1.5696937762767782,2.1463871971291666
1nt1H,34,1nt1,0.85,0.6165788,2.6446808832747615,5.590055992563939
1nt1H,20,1nt1,0.85,0.7960141,1.7156008329295942,2.2692912807012378
1nt1H,21,1nt1,0.85,0.820379,1.735198167209492,2.348163129625651
1nt1H,35,1nt1,0.85,0.7073382,1.4561004693780843,1.4115500935732554
1nt1H,9,1nt1,0.85,0.7900245,1.782447967378082,2.4171614206199243
1nt1H,23,1nt1,0.85,0.7726321,4.600826670423703,10.747503938899795
1nt1H,36,1nt1,0.85,0.7736819,4.63118023252754,10.701761949946995
1nt1H,22,1nt1,0.85,0.7244309,1.49283964910794,1.6628405916783886
1pfbB,9,1pfb,0.82,0.7038592,2.6693166701825173,2.2832183152296217
1pfbB,8,1pfb,0.82,0.7949979,3.0949779505330426,4.663246763254117
1pfbB,5,1pfb,0.82,0.26078728,2.2904147534577968,2.7947228172038803
1pfbB,4,1pfb,0.82,0.69025064,3.208068424190126,4.2591519842569605
1pfbB,10,1pfb,0.82,0.7156333,2.587072283489582,1.4745690472134552
1pfbB,6,1pfb,0.82,0.6395169,3.0224602939611014,4.382275450607823
1pfbB,7,1pfb,0.82,0.68373066,2.785424927829043,1.554882149875032
1pfbB,3,1pfb,0.82,0.69638973,2.684532039560819,2.2054747221403384
1pfbB,2,1pfb,0.82,0.77443206,3.0240145667638574,4.584772445280136
1pfbB,1,1pfb,0.82,0.7012572,2.8807576161241237,3.615041718293165
1ta2B,7,1ta2,0.84,0.71140313,1.4883335888821672,1.8548806116117915
1ta2B,13,1ta2,0.84,0.73978066,1.4762699357085487,1.872547173415577
1ta2B,12,1ta2,0.84,0.4917699,4.030238532420275,7.969293763146979
1ta2B,6,1ta2,0.84,0.7432749,1.7457059221606217,2.9077849817343786
1ta2B,10,1ta2,0.84,0.5875648,4.220795893473051,9.532458261120263
1ta2B,4,1ta2,0.84,0.85488987,2.0528032553384663,3.240437046140536
1ta2B,5,1ta2,0.84,0.7021653,4.04380276409122,8.864373577228493
1ta2B,11,1ta2,0.84,0.7791532,4.545300448448558,10.58992515318215
1ta2B,29,1ta2,0.84,0.7767511,1.806902506132156,2.44771521015007
1ta2B,15,1ta2,0.84,0.7487654,1.5613604849945977,2.178280017200115
1ta2B,1,1ta2,0.84,0.577754,4.166831425460494,8.9890456250928
1ta2B,14,1ta2,0.84,0.67707336,2.747517492536649,5.503055530036624
1ta2B,28,1ta2,0.84,0.71835005,1.5030854036844448,1.9200175346421535
1ta2B,2,1ta2,0.84,0.8323631,1.9128095124107969,3.0818862054484315
1ta2B,16,1ta2,0.84,0.67679983,1.3802428762489225,1.5611296390754998
1ta2B,17,1ta2,0.84,0.6769817,1.4609030707241606,1.8421272124005623
1ta2B,3,1ta2,0.84,0.77787536,1.6389657738013654,2.4818943705699215
1ta2B,26,1ta2,0.84,0.73454344,1.6494107183926985,2.570287872982324
1ta2B,27,1ta2,0.84,0.7677513,3.065217901234965,6.532322207046026
1ta2B,25,1ta2,0.84,0.62338424,1.3602696046872094,1.5496581343423246
1ta2B,19,1ta2,0.84,0.77406204,1.893900902424709,2.8930640043616966
1ta2B,18,1ta2,0.84,0.7438812,5.133337457124551,12.109670243927647
1ta2B,24,1ta2,0.84,0.533455,3.984801548962681,8.803834609608096
1ta2B,30,1ta2,0.84,0.6791114,1.5756554395243154,2.335256963019987
1ta2B,8,1ta2,0.84,0.7470455,1.574635908262524,2.1973004649645285
1ta2B,20,1ta2,0.84,0.7489691,1.6350186151218191,2.385837082311643
1ta2B,21,1ta2,0.84,0.69581044,1.484072532611288,2.0186313019799664
1ta2B,9,1ta2,0.84,0.75607073,1.5453667310167298,1.961726089442662
1ta2B,23,1ta2,0.84,0.76826775,5.0546795378905305,11.821930020798916
1ta2B,22,1ta2,0.84,0.7511863,4.542691406858793,10.640986212909652
1ta6B,7,1ta6,0.86,0.6882187,1.5085410297574071,2.2619149151401197
1ta6B,13,1ta6,0.86,0.31912053,3.6057721353834458,6.686244642298595
1ta6B,12,1ta6,0.86,0.76755846,1.6383141115809046,2.7049680065883717
1ta6B,6,1ta6,0.86,0.6688357,1.4585493056194831,2.099597143898483
1ta6B,10,1ta6,0.86,0.7099278,4.202062683358233,9.949469814182727
1ta6B,4,1ta6,0.86,0.7412284,1.6531240355530123,2.703919423725493
1ta6B,5,1ta6,0.86,0.6833482,5.02054247375413,11.777500725252931
1ta6B,11,1ta6,0.86,0.64781135,1.497107917080334,2.271143012523283
1ta6B,29,1ta6,0.86,0.630067,1.2958107006020871,1.1665086083408611
1ta6B,15,1ta6,0.86,0.6763737,1.428942311013684,1.9547732818240928
1ta6B,1,1ta6,0.86,0.6557558,1.3071114022717103,1.159711997293581
1ta6B,14,1ta6,0.86,0.6691612,1.2454732804471127,1.1354424247842776
1ta6B,28,1ta6,0.86,0.75948876,1.7703651622454355,2.838838260039953
1ta6B,2,1ta6,0.86,0.62717664,1.3063664964614343,1.169925887966128
1ta6B,16,1ta6,0.86,0.6848774,4.9850274785138815,11.774343382258447
1ta6B,17,1ta6,0.86,0.48765764,4.12241661140025,9.347903512731254
1ta6B,3,1ta6,0.86,0.65107495,1.356895485648898,1.492132701873396
1ta6B,26,1ta6,0.86,0.6986263,3.1198809867997963,7.133200444634466
1ta6B,32,1ta6,0.86,0.79684746,1.4541814950386422,1.934685999501383
1ta6B,33,1ta6,0.86,0.62693805,1.3546045643068776,1.486768671762132
1ta6B,27,1ta6,0.86,0.63403755,3.890178804143215,8.826323191642901
1ta6B,31,1ta6,0.86,0.6144004,4.4183274797086645,10.343569918875524
1ta6B,25,1ta6,0.86,0.55299675,3.928962040787454,8.819483351270263
1ta6B,19,1ta6,0.86,0.62343943,2.7692216739523,5.640452973831091
1ta6B,18,1ta6,0.86,0.61672866,1.4050356049873085,1.806407415285932
1ta6B,24,1ta6,0.86,0.64353293,4.944359453989607,11.386691248265816
1ta6B,30,1ta6,0.86,0.68681884,1.5044306231927085,2.271343104861087
1ta6B,8,1ta6,0.86,0.639628,1.4424308231201868,1.9806806490025932
1ta6B,34,1ta6,0.86,0.6903342,1.3487923896050162,1.408130409443671
1ta6B,20,1ta6,0.86,0.65796804,1.4766069950899994,1.8824651612535448
1ta6B,21,1ta6,0.86,0.53302395,3.488908313204679,7.381171575931109
1ta6B,35,1ta6,0.86,0.71739167,1.567001705855436,2.3726879272251544
1ta6B,9,1ta6,0.86,0.7251306,1.6518177982034032,2.710536017100677
1ta6B,23,1ta6,0.86,0.4286638,3.4522799601244576,7.380055538408909
1ta6B,37,1ta6,0.86,0.7050735,1.3075990083609983,1.2549629808617198
1ta6B,36,1ta6,0.86,0.661214,1.3988761927218945,1.4264717545982697
1ta6B,22,1ta6,0.86,0.7302567,1.3245869941714683,1.309523068398059
1xm1H,7,1xm1,0.82,0.7325507,4.595083346473594,10.280156654124164
1xm1H,13,1xm1,0.82,0.8623965,5.313116660619325,12.435517178629926
1xm1H,12,1xm1,0.82,0.72873616,3.4270223510804825,7.283006962557887
1xm1H,6,1xm1,0.82,0.80668986,3.170991157678924,6.6290934272090825
1xm1H,10,1xm1,0.82,0.8448397,3.6191029275222335,7.741483309633454
1xm1H,4,1xm1,0.82,0.8406675,3.7812851110315777,8.694539881442836
1xm1H,38,1xm1,0.82,0.87344193,1.882662852340911,2.9077815856766134
1xm1H,39,1xm1,0.82,0.8656273,5.262996123388768,12.330252508228153
1xm1H,5,1xm1,0.82,0.8008754,3.647194139459688,7.602539334546934
1xm1H,11,1xm1,0.82,0.7299019,4.1804330354206565,9.629609809505956
1xm1H,29,1xm1,0.82,0.84349644,1.847775739049028,2.602811428692699
1xm1H,15,1xm1,0.82,0.7685479,3.50012448943726,7.577174511870064
1xm1H,1,1xm1,0.82,0.76223314,4.538030183686745,10.269624948523356
1xm1H,14,1xm1,0.82,0.7995756,3.922079139846719,8.62768270839086
1xm1H,28,1xm1,0.82,0.6821946,2.70633359958428,11.866591451072487
1xm1H,2,1xm1,0.82,0.7927829,3.890138431082757,8.495495154295991
1xm1H,16,1xm1,0.82,0.58041656,1.9377147911754968,12.70155186056675
1xm1H,17,1xm1,0.82,0.7646953,3.4194434327256227,7.401215221164698
1xm1H,3,1xm1,0.82,0.8006659,3.4890064879170506,7.608772212606534
1xm1H,40,1xm1,0.82,0.8718636,4.431682615575579,10.051241950624808
1xm1H,41,1xm1,0.82,0.8663827,1.904636253918385,2.9939179458807255
1xm1H,26,1xm1,0.82,0.78586286,4.415330424016616,9.972344638214894
1xm1H,32,1xm1,0.82,0.7947452,4.396145803095926,9.839597150459634
1xm1H,33,1xm1,0.82,0.7902452,3.8303334109397102,8.810468295348059
1xm1H,27,1xm1,0.82,0.85748196,4.939163085686985,11.50862294470252
1xm1H,31,1xm1,0.82,0.7458229,3.671018535898326,7.856772784250117
1xm1H,25,1xm1,0.82,0.7354636,3.3005762956061,6.886171003056295
1xm1H,19,1xm1,0.82,0.7410128,3.474184132945517,7.088223719663482
1xm1H,18,1xm1,0.82,0.8224038,3.801491617704888,8.571715833678422
1xm1H,24,1xm1,0.82,0.8434197,4.053616914671277,9.10865238843449
1xm1H,30,1xm1,0.82,0.8336237,4.498549369360242,10.28155963768792
1xm1H,8,1xm1,0.82,0.8625875,5.330114894841179,12.46691977795638
1xm1H,34,1xm1,0.82,0.84338194,5.324367498561709,12.462800785404006
1xm1H,20,1xm1,0.82,0.84473765,1.63289030257998,1.90342962395076
1xm1H,21,1xm1,0.82,0.8022765,3.7904297892208727,8.71692946225906
1xm1H,35,1xm1,0.82,0.775912,3.63437788849256,7.834136535062432
1xm1H,9,1xm1,0.82,0.87243533,1.7644412308554955,2.420147395649006
1xm1H,23,1xm1,0.82,0.8349732,4.022633322110759,9.140499357256145
1xm1H,37,1xm1,0.82,0.8755325,4.03688482185646,9.20595794852442
1xm1H,36,1xm1,0.82,0.882829,4.95276794970614,11.459363685795704
1xm1H,22,1xm1,0.82,0.711617,4.782502368958212,10.196128697533524
1zgiB,7,1zgi,0.86,0.7323537,1.5674803658637708,1.010719957917787
1zgiB,13,1zgi,0.86,0.6982192,1.4660729185929258,1.2458106463932097
1zgiB,12,1zgi,0.86,0.7915238,3.1544494744474996,6.274335369848614
1zgiB,6,1zgi,0.86,0.75127417,1.5113691814482586,0.4009345333093669
1zgiB,10,1zgi,0.86,0.71197903,1.656631808027487,1.7895361829256204
1zgiB,4,1zgi,0.86,0.7828855,1.837410599328935,1.77579639410979
1zgiB,5,1zgi,0.86,0.79113483,1.546279362993975,1.5642812513526243
1zgiB,11,1zgi,0.86,0.7186884,1.654631812280462,1.8475146593915477
1zgiB,15,1zgi,0.86,0.76811385,1.6683277871159363,1.7802660849809313
1zgiB,1,1zgi,0.86,0.6762551,1.5209149168216238,1.2173644346154795
1zgiB,14,1zgi,0.86,0.74763846,1.6067862580154737,1.44714549487373
1zgiB,28,1zgi,0.86,0.787722,1.7900043884097925,2.463966179421571
1zgiB,2,1zgi,0.86,0.80438304,1.5743085574977118,1.552692339132257
1zgiB,16,1zgi,0.86,0.71598434,2.6901727825550537,3.4118393682880206
1zgiB,17,1zgi,0.86,0.72141147,1.5993434755022384,1.4462539541864698
1zgiB,3,1zgi,0.86,0.66634697,4.194454634897191,9.535072054438462
1zgiB,26,1zgi,0.86,0.6676918,2.912278057954306,4.3361607922984895
1zgiB,27,1zgi,0.86,0.7796071,3.199424740645204,6.193681101197682
1zgiB,25,1zgi,0.86,0.5889857,3.1551177202994136,5.60166966924446
1zgiB,19,1zgi,0.86,0.73064125,1.5770453511150797,1.1134149795411712
1zgiB,18,1zgi,0.86,0.68942666,1.5819240242252637,1.8804484172664773
1zgiB,24,1zgi,0.86,0.796523,1.5602090573482703,1.1698084244866764
1zgiB,8,1zgi,0.86,0.70259273,1.676212440216586,1.9562727527963304
1zgiB,20,1zgi,0.86,0.7983773,4.458079328884983,10.351898964280258
1zgiB,21,1zgi,0.86,0.797298,1.8010838622749823,2.379204821643848
1zgiB,9,1zgi,0.86,0.7547038,1.4856609330176038,1.015923348486489
1zgiB,23,1zgi,0.86,0.74353176,1.5114056676171566,0.4045339911552547
1zgiB,22,1zgi,0.86,0.72671354,1.5651041120573888,1.0096569962120798
2bdyB,7,2bdy,0.88,0.700588,2.1580489838432,1.766007266878216
2bdyB,13,2bdy,0.88,0.7411696,1.8912677665274904,3.236222952764534
2bdyB,12,2bdy,0.88,0.6852943,2.129081573642077,1.4844512734789694
2bdyB,6,2bdy,0.88,0.7706388,5.419103394217739,12.387850630759155
2bdyB,10,2bdy,0.88,0.748533,5.305596540708478,12.12121369060596
2bdyB,4,2bdy,0.88,0.79372,5.353447476989841,12.239668725092196
2bdyB,5,2bdy,0.88,0.6442962,1.627291443219828,3.497168890688581
2bdyB,11,2bdy,0.88,0.72186255,2.165979352522908,2.228625865864435
2bdyB,29,2bdy,0.88,0.6914834,2.0374821130775875,0.6299158673981793
2bdyB,15,2bdy,0.88,0.70698315,2.0771591978790007,1.2277953480391866
2bdyB,1,2bdy,0.88,0.5887102,2.068320574765914,1.103637244146222
2bdyB,14,2bdy,0.88,0.72332036,2.1406146897561924,1.5909528853279515
2bdyB,28,2bdy,0.88,0.44889313,3.6488762387282407,6.433121501262043
2bdyB,2,2bdy,0.88,0.69721854,5.2561249800167,11.949220319753085
2bdyB,16,2bdy,0.88,0.69444674,4.332695802461403,6.381123712429758
2bdyB,17,2bdy,0.88,0.4666987,2.6986701035637637,11.860707209100138
2bdyB,3,2bdy,0.88,0.73491645,2.139656170457716,1.741447266882731
2bdyB,26,2bdy,0.88,0.64131945,1.6074823208249305,3.497646708860116
2bdyB,27,2bdy,0.88,0.5814595,3.753671202969168,7.034124442079957
2bdyB,31,2bdy,0.88,0.70231515,3.183668411684162,4.139350341539116
2bdyB,25,2bdy,0.88,0.7206885,3.509046226065805,6.1618146272019585
2bdyB,19,2bdy,0.88,0.6436002,2.151837448037788,1.8325398358562357
2bdyB,18,2bdy,0.88,0.7221543,3.382238240261749,5.548260928735538
2bdyB,24,2bdy,0.88,0.6905619,2.0835679567884404,1.3567941381555764
2bdyB,30,2bdy,0.88,0.6084503,2.11976796751699,1.6136107285629129
2bdyB,8,2bdy,0.88,0.61316264,2.0260910880861753,0.5483651459869907
2bdyB,20,2bdy,0.88,0.41513747,4.0974466216049,9.096426161360895
2bdyB,21,2bdy,0.88,0.6080697,2.069059350821581,1.1121618587238102
2bdyB,9,2bdy,0.88,0.7672918,2.145899367915985,1.8481186154212792
2bdyB,23,2bdy,0.88,0.6921603,3.4876261566190454,6.243720405335268
2bdyB,22,2bdy,0.88,0.7422746,2.3502883363300104,2.8226028915405963
2hmhB,13,2hmh,0.81,0.8049821,1.8733194032696787,1.1415181046892475
2hmhB,7,2hmh,0.81,0.8264408,2.2971876254817905,2.7156929594488397
2hmhB,6,2hmh,0.81,0.80501336,3.831341898952202,7.828966965698603
2hmhB,12,2hmh,0.81,0.80728436,3.6372943424107618,7.378081751602737
2hmhB,4,2hmh,0.81,0.6513702,3.6569322352667863,7.408697945658197
2hmhB,10,2hmh,0.81,0.6954168,3.521019331576203,6.974337513341321
2hmhB,11,2hmh,0.81,0.7938018,2.589958627726191,2.0834963802864315
2hmhB,5,2hmh,0.81,0.68903506,3.684953184686792,7.518182831198861
2hmhB,1,2hmh,0.81,0.75747955,3.9985678519523296,7.959319260045631
2hmhB,15,2hmh,0.81,0.7779182,2.1812799178464006,1.9356371474702243
2hmhB,29,2hmh,0.81,0.5757808,3.577258883558751,6.852769908341201
2hmhB,28,2hmh,0.81,0.7465353,3.98018745957189,7.962369255860134
2hmhB,14,2hmh,0.81,0.79517406,2.298253731278018,3.003522334970503
2hmhB,16,2hmh,0.81,0.7027835,3.699436029090561,7.218001223792267
2hmhB,2,2hmh,0.81,0.6779953,3.8966750578751967,7.93536791312581
2hmhB,3,2hmh,0.81,0.7439951,3.719028011008611,7.769234571908184
2hmhB,17,2hmh,0.81,0.7899351,2.168231014752195,1.4764415554523873
2hmhB,32,2hmh,0.81,0.82264936,3.6511803607418063,7.395874356693737
2hmhB,26,2hmh,0.81,0.72096425,3.913969218070066,8.42046830150596
2hmhB,27,2hmh,0.81,0.74617803,2.442260654939735,1.826871027193764
2hmhB,33,2hmh,0.81,0.76825976,2.229311944674111,2.009820597300499
2hmhB,19,2hmh,0.81,0.6717262,3.671570018398124,7.312459880231822
2hmhB,25,2hmh,0.81,0.765039,2.1938801121908793,1.9693733351838936
2hmhB,31,2hmh,0.81,0.7657455,3.629659842648252,7.489274836947389
2hmhB,30,2hmh,0.81,0.75685,3.71709626635272,7.325708970240809
2hmhB,24,2hmh,0.81,0.8068137,2.2419513286420827,2.130217750997927
2hmhB,18,2hmh,0.81,0.6345,3.9829525865451454,7.906979901749255
2hmhB,20,2hmh,0.81,0.83396226,2.4862127771639604,3.3102076596491647
2hmhB,34,2hmh,0.81,0.7625113,3.641658856437086,7.50621665132753
2hmhB,8,2hmh,0.81,0.7220372,3.675080623151915,7.441685153019217
2hmhB,9,2hmh,0.81,0.70020086,3.4354580403006914,7.038512940718846
2hmhB,35,2hmh,0.81,0.7154565,3.7978539852571127,8.320821714229911
2hmhB,21,2hmh,0.81,0.7989095,3.606647935872496,7.610671055607821
2hmhB,37,2hmh,0.81,0.70726466,3.204221309460381,6.259964250430403
2hmhB,23,2hmh,0.81,0.7990756,3.661178901210192,7.365206853850067
2hmhB,22,2hmh,0.81,0.78655404,3.6484402201488786,7.204402855199033
2hmhB,36,2hmh,0.81,0.83043796,1.977973784794261,1.3120503356705997
3c1kB,7,3c1k,0.84,0.818847,1.6722769867796483,1.84549130766489
3c1kB,13,3c1k,0.84,0.6369225,3.1739117961505463,5.728819686462474
3c1kB,12,3c1k,0.84,0.70528597,1.5757469250469354,1.3127835884105197
3c1kB,6,3c1k,0.84,0.64069355,3.688246849183609,7.92733737350274
3c1kB,10,3c1k,0.84,0.73406357,1.6705366863714248,1.950344926758683
3c1kB,4,3c1k,0.84,0.7037052,1.6384765046866725,1.6878830923181063
3c1kB,38,3c1k,0.84,0.6608338,3.155530655523523,5.7175533010195885
3c1kB,5,3c1k,0.84,0.7726858,1.6458230269070353,1.7265064436601447
3c1kB,11,3c1k,0.84,0.69976366,4.4235428225082325,9.394535703446625
3c1kB,29,3c1k,0.84,0.6957845,5.096623036069557,11.508088126762557
3c1kB,15,3c1k,0.84,0.722726,2.2153231893638754,2.8113333135720495
3c1kB,1,3c1k,0.84,0.44661722,4.174822145758781,9.101016376390788
3c1kB,14,3c1k,0.84,0.75844383,1.888175374161453,2.4689790231321664
3c1kB,28,3c1k,0.84,0.6751888,3.62983947868575,7.710693089253823
3c1kB,2,3c1k,0.84,0.82347655,1.7282308576795804,2.166489960742952
3c1kB,16,3c1k,0.84,0.77759314,1.6954561824673229,2.017092916385691
3c1kB,17,3c1k,0.84,0.68836325,4.4613491046244445,8.680165292204983
3c1kB,3,3c1k,0.84,0.7998655,1.7035368599866965,2.0571699411246187
3c1kB,26,3c1k,0.84,0.697337,4.420004284137615,9.370088326691484
3c1kB,32,3c1k,0.84,0.7817711,1.5971030986421344,1.4912751534620745
3c1kB,33,3c1k,0.84,0.79956496,1.7040692098019,2.058989315173831
3c1kB,27,3c1k,0.84,0.79608923,4.099870166799844,9.418435990120654
3c1kB,31,3c1k,0.84,0.80044925,1.6265831893250562,1.6422407202762128
3c1kB,25,3c1k,0.84,0.7956035,1.716132021548638,2.130253603838441
3c1kB,19,3c1k,0.84,0.8009222,1.7041243446565988,2.0542674079421435
3c1kB,18,3c1k,0.84,0.7785016,1.6090709933183376,1.4959377493732822
3c1kB,24,3c1k,0.84,0.7201716,5.138547974092612,11.62732227342134
3c1kB,30,3c1k,0.84,0.8803313,1.8973123906442788,2.414779786371144
3c1kB,8,3c1k,0.84,0.80019265,1.8025904223559024,2.315268127021145
3c1kB,34,3c1k,0.84,0.79013383,1.6823265674318943,1.910016862927306
3c1kB,20,3c1k,0.84,0.8739035,1.879235271361254,2.7410217681246776
3c1kB,21,3c1k,0.84,0.77757514,1.6041852273318515,1.4988412746740951
3c1kB,35,3c1k,0.84,0.62514746,3.8647316605027457,8.283287531731187
3c1kB,9,3c1k,0.84,0.7883909,1.6334120062162154,1.6360180316854698
3c1kB,23,3c1k,0.84,0.80243,1.6292685947523062,1.66073003525558
3c1kB,37,3c1k,0.84,0.5465617,3.364105533193265,6.767324717592125
3c1kB,36,3c1k,0.84,0.8015632,1.656124677890511,1.894048133848064
3c1kB,22,3c1k,0.84,0.78743434,1.7151590342649026,2.1325172136858983
3hnaQ,7,3hna,0.66,0.8609147,3.5663543596954748,1.0199944444293143
3hnaQ,6,3hna,0.66,0.42569315,3.605633447198364,2.9280102458837134
3hnaQ,4,3hna,0.66,0.8419838,3.9119700435485982,5.214611283052012
3hnaQ,5,3hna,0.66,0.85573494,3.7235914333022846,3.5654702588391713
3hnaQ,1,3hna,0.66,0.81783104,3.8318350624662783,4.849595326760094
3hnaQ,2,3hna,0.66,0.8318291,3.730918146544657,4.562566346549568
3hnaQ,3,3hna,0.66,0.8413656,3.818431482492056,4.814424333881121
3hnaQ,8,3hna,0.66,0.8410132,3.874514114262796,4.794165360101799
3i91C,13,3i91,0.92,0.7897683,2.206379330486941,4.363233133239617
3i91C,7,3i91,0.92,0.7909986,1.4049285158382203,0.7697817872618185
3i91C,6,3i91,0.92,0.727229,1.8286221273448997,3.1689289594435546
3i91C,12,3i91,0.92,0.8379278,2.3915394342106544,4.899204807925467
3i91C,4,3i91,0.92,0.8101505,2.282943696869663,4.204106890886578
3i91C,10,3i91,0.92,0.78176904,1.8752141313624795,3.4178982942738365
3i91C,11,3i91,0.92,0.7731345,2.250190064621892,4.123884212729547
3i91C,5,3i91,0.92,0.36446652,1.5561891822118974,1.6907118323357195
3i91C,1,3i91,0.92,0.7533077,2.1452870437309786,4.0303471779736295
3i91C,15,3i91,0.92,0.63652,1.600232915227881,6.670441139834756
3i91C,14,3i91,0.92,0.365404,2.2170877814757883,4.624969986389101
3i91C,2,3i91,0.92,0.7831038,1.972671763019733,3.5694993346406436
3i91C,3,3i91,0.92,0.71036804,1.9815072982648647,3.87286617055121
3i91C,8,3i91,0.92,0.804209,1.9940626629687832,3.432534049357705
3i91C,9,3i91,0.92,0.85425544,1.4930107874822816,1.8095605129423007
3oqyb,9,3oqy,0.94,0.68043756,3.2654829402912724,8.388111262707211
3oqyb,8,3oqy,0.94,0.9121177,2.1451824663010584,0.5391951821413509
3oqyb,5,3oqy,0.94,0.88611245,2.3345639492918875,3.144544994466166
3oqyb,4,3oqy,0.94,0.9112879,2.147750695266936,0.536167366075598
3oqyb,10,3oqy,0.94,0.9084418,2.138678949038126,0.4960819824719839
3oqyb,6,3oqy,0.94,0.70853835,3.094034342053094,5.971533006225825
3oqyb,7,3oqy,0.94,0.9245509,2.1536916254763723,1.679821683658384
3oqyb,3,3oqy,0.94,0.91539645,2.217109839231175,1.685349386790631
3oqyb,2,3oqy,0.94,0.83428407,2.676312674074494,4.68968502851382
3oqyb,1,3oqy,0.94,0.89217347,2.3300325189180704,2.9803413488316326
3or0b,15,3or0,0.93,0.892046,2.164577611709362,2.929064731275155
3or0b,1,3or0,0.93,0.9076221,2.1569001238652423,3.488390889794319
3or0b,29,3or0,0.93,0.8966448,2.125789151224532,1.7379956846896945
3or0b,28,3or0,0.93,0.87848854,2.4440534207973728,5.323878717626839
3or0b,14,3or0,0.93,0.8987204,2.074676164023439,0.3878559010766758
3or0b,2,3or0,0.93,0.8965522,2.090257449738086,2.7478086541824553
3or0b,16,3or0,0.93,0.91253877,2.0880926629515666,1.4210705823427632
3or0b,17,3or0,0.93,0.8870791,2.4743943672212163,5.2797599945452065
3or0b,3,3or0,0.93,0.9205731,2.151760578602756,2.466010502816239
3or0b,7,3or0,0.93,0.8941538,2.242065278117523,3.74856994065737
3or0b,13,3or0,0.93,0.9070228,2.126495544074587,2.437100900660455
3or0b,12,3or0,0.93,0.89336216,2.2569549986606696,3.969744248689077
3or0b,6,3or0,0.93,0.9012697,2.159785575458537,2.952262488329925
3or0b,38,3or0,0.93,0.8820551,2.2221039765218515,3.562336761172362
3or0b,10,3or0,0.93,0.8999685,2.167088607078131,2.8833824581556984
3or0b,4,3or0,0.93,0.8917067,2.2270778737327763,3.760109599466484
3or0b,5,3or0,0.93,0.89747405,2.208442222822774,2.728746855243264
3or0b,11,3or0,0.93,0.90392923,2.1281054882388153,1.5570603071172295
3or0b,34,3or0,0.93,0.87443936,2.434033847997163,4.811647908980872
3or0b,20,3or0,0.93,0.8826478,2.5108701781546556,5.5563039153739595
3or0b,8,3or0,0.93,0.9129687,2.1311366141196197,2.091962093346818
3or0b,9,3or0,0.93,0.90179676,2.2473208310176305,3.90205161421527
3or0b,21,3or0,0.93,0.9110558,2.2842091008694556,4.179958038066889
3or0b,35,3or0,0.93,0.9101553,2.1475821624165854,2.728463010561074
3or0b,23,3or0,0.93,0.9011667,2.109763884771122,1.456740265112488
3or0b,37,3or0,0.93,0.91205454,2.158273290836484,2.1520091542556226
3or0b,36,3or0,0.93,0.8984925,2.292198564202491,3.630905121316171
3or0b,22,3or0,0.93,0.9095367,2.2300888429438595,3.879781462917725
3or0b,26,3or0,0.93,0.91293824,2.25154106445973,3.8829748904673593
3or0b,32,3or0,0.93,0.8752929,2.4964645454730823,5.446874314687278
3or0b,33,3or0,0.93,0.9170174,2.101730609926266,1.3421200393407438
3or0b,27,3or0,0.93,0.8805525,2.292819848062665,4.183873109930558
3or0b,19,3or0,0.93,0.89028823,2.170304936054821,2.5661152351365675
3or0b,31,3or0,0.93,0.89124507,2.504820373418578,5.475324246106343
3or0b,25,3or0,0.93,0.9130115,2.070947594253493,1.488940764436249
3or0b,24,3or0,0.93,0.90046847,2.2831243875602056,4.302900440400637
3or0b,30,3or0,0.93,0.89181995,2.332601551915801,4.440923642667142
3or0b,18,3or0,0.93,0.8910773,2.1846703896332293,3.053859459765626
3os5B,9,3os5,0.72,0.83275855,3.3722899407441886,1.0454263882901242
3os5B,8,3os5,0.72,0.83684546,3.589403022168945,3.4880224817700567
3os5B,14,3os5,0.72,0.87490475,3.744843390386108,4.193905121323879
3os5B,1,3os5,0.72,0.8317597,3.3950594496513116,1.2068709541620428
3os5B,3,3os5,0.72,0.82171047,3.4450834505830885,1.3023053917316536
3os5B,2,3os5,0.72,0.6847884,3.4887758836971265,2.032930069300632
3os5B,12,3os5,0.72,0.83638704,3.592554195575642,2.308239552848302
3os5B,6,3os5,0.72,0.66251636,3.579093825413231,2.9232406104641258
3os5B,7,3os5,0.72,0.85493755,3.8782031325134376,4.171053683822989
3os5B,13,3os5,0.72,0.85963523,3.318873509245324,1.0299258063893082
3os5B,5,3os5,0.72,0.8405888,3.4417498537162103,2.18541780902417
3os5B,11,3os5,0.72,0.84786546,3.574338211214511,2.8838855733194415
3os5B,10,3os5,0.72,0.86239994,3.4896023943094683,2.1340718513364703
3os5B,4,3os5,0.72,0.76161075,4.014536505233431,6.149348068426981
3pfvD,24,3pfv,0.86,0.61102915,4.088008376372793,8.701136065671731
3pfvD,18,3pfv,0.86,0.63991845,1.8792666670492384,1.8088656666541048
3pfvD,19,3pfv,0.86,0.5927683,1.8990855229634636,2.1092006779820647
3pfvD,25,3pfv,0.86,0.57021713,4.191125305157246,8.886711455876128
3pfvD,27,3pfv,0.86,0.6949448,1.896888721968005,2.2183175681884086
3pfvD,26,3pfv,0.86,0.595661,1.843179007297223,2.0104555039426595
3pfvD,22,3pfv,0.86,0.583792,3.628692516920239,7.657769904917924
3pfvD,23,3pfv,0.86,0.66518956,1.9227372109450995,1.7657006871683172
3pfvD,9,3pfv,0.86,0.56823814,1.906079642339526,2.2302114996863716
3pfvD,21,3pfv,0.86,0.7272932,2.0765660107636412,2.68436418604729
3pfvD,20,3pfv,0.86,0.72790515,2.1390161255339137,2.7342516800762873
3pfvD,8,3pfv,0.86,0.697192,2.60864578345344,4.71845736620208
3pfvD,5,3pfv,0.86,0.6971446,2.292731321320644,2.8373729046426024
3pfvD,11,3pfv,0.86,0.741914,2.0386333405148713,2.3993402044451027
3pfvD,10,3pfv,0.86,0.6880504,2.2373313541438815,2.611629073330795
3pfvD,4,3pfv,0.86,0.6302419,2.1177768726551296,2.4120616527499177
3pfvD,12,3pfv,0.86,0.7424027,2.1116603482735066,2.7020254285751393
3pfvD,6,3pfv,0.86,0.60416806,1.918553690858268,2.1525764214076113
3pfvD,7,3pfv,0.86,0.74028206,2.1440555338780154,2.846149957984178
3pfvD,13,3pfv,0.86,0.693889,2.545506458910081,4.10353604630608
3pfvD,17,3pfv,0.86,0.639475,2.7811065772669785,5.299352664870179
3pfvD,3,3pfv,0.86,0.6939173,2.290232273732745,2.829168723612409
3pfvD,2,3pfv,0.86,0.55614537,1.828217964705135,1.946600005993356
3pfvD,16,3pfv,0.86,0.7409574,2.124815611377359,2.727903147718653
3pfvD,28,3pfv,0.86,0.68786466,2.198485544909602,2.4459077217534873
3pfvD,14,3pfv,0.86,0.710297,2.0339695830336013,2.381600144860593
3pfvD,15,3pfv,0.86,0.5993532,4.1160996993870445,8.791908325272734
3pfvD,1,3pfv,0.86,0.5768624,2.538807724457428,4.09954875565592
3uecB,11,3uec,0.93,0.8547826,2.1816044623861197,2.5724118060683834
3uecB,5,3uec,0.93,0.65736115,2.65710813981416,3.390876324786852
3uecB,4,3uec,0.93,0.73287904,2.3341273951885526,2.816904506723648
3uecB,10,3uec,0.93,0.70347184,2.32022584454552,2.974029967905502
3uecB,6,3uec,0.93,0.75459754,1.954066218908353,2.1710553885149957
3uecB,12,3uec,0.93,0.669163,2.143528802529308,2.583518385845164
3uecB,13,3uec,0.93,0.84450316,2.383621925735808,2.5589993649862435
3uecB,7,3uec,0.93,0.7262372,2.0384917404192677,2.09063997378793
3uecB,3,3uec,0.93,0.65333784,2.793316167590273,3.229116984564046
3uecB,17,3uec,0.93,0.80702084,2.148977233828956,2.6318977943681627
3uecB,16,3uec,0.93,0.66082066,2.4784018494329616,3.744934612246253
3uecB,2,3uec,0.93,0.66617465,2.0921848736319992,2.172005006900307
3uecB,14,3uec,0.93,0.8066176,2.479672577359578,2.7233844293452223
3uecB,28,3uec,0.93,0.71120065,2.339501429662726,2.929505675024372
3uecB,29,3uec,0.93,0.78056204,2.0179592827078214,2.3239539582358337
3uecB,1,3uec,0.93,0.62978065,2.691051985354201,3.572285122999003
3uecB,15,3uec,0.93,0.71858627,2.5177584487119895,3.4508621748774613
3uecB,18,3uec,0.93,0.7587004,2.302036219866177,2.701971641227938
3uecB,30,3uec,0.93,0.6298992,2.415268439814431,3.519520777037692
3uecB,24,3uec,0.93,0.7505319,2.561547999065243,3.17845681896105
3uecB,25,3uec,0.93,0.6290327,2.153540910813039,2.559364960297769
3uecB,31,3uec,0.93,0.8067395,2.1199956403614406,2.4494193699732194
3uecB,19,3uec,0.93,0.840837,2.4263956308845755,2.6867257024117666
3uecB,27,3uec,0.93,0.7249509,2.3123103427550813,2.789070051110226
3uecB,32,3uec,0.93,0.829278,1.807720697788273,1.9685252728883105
3uecB,26,3uec,0.93,0.81874233,2.2690112784687035,1.9854816795931405
3uecB,22,3uec,0.93,0.83595836,2.454893634676614,3.997841511365852
3uecB,23,3uec,0.93,0.6976261,2.2829568678812264,2.6220565401989324
3uecB,21,3uec,0.93,0.7273499,2.4097257293951713,2.9980099232657653
3uecB,9,3uec,0.93,0.7072877,2.3250791775374404,2.835054408648977
3uecB,8,3uec,0.93,0.79827493,2.213013932777348,2.1750335054890533
3uecB,20,3uec,0.93,0.798958,2.235391268036117,2.488358143435144
4dowC,2,4dow,0.67,0.8840907,3.572078023330664,2.159184998359996
4dowC,3,4dow,0.67,0.8031614,3.554211566176507,2.04399661028514
4dowC,1,4dow,0.67,0.8669195,3.5504901757497143,2.2900802543641503
4dowC,4,4dow,0.67,0.9009783,3.4978489223140175,1.601896420764196
4dowC,5,4dow,0.67,0.8750421,3.541904090081115,1.262586913557128
4dowC,7,4dow,0.67,0.8675731,3.586013380382973,1.9044893953873456
4dowC,6,4dow,0.67,0.8326153,3.525481068152935,2.173983769160071
4iafS,12,4iaf,0.82,0.8068999,2.1592737619074125,6.075272421875418
4iafS,6,4iaf,0.82,0.829606,1.7761709226145614,3.1670052494430765
4iafS,7,4iaf,0.82,0.8662313,1.7749275377399616,3.2836453066675766
4iafS,13,4iaf,0.82,0.89497614,1.754154865649817,3.2795640335264085
4iafS,5,4iaf,0.82,0.8809341,1.814420288615578,3.427051721232115
4iafS,11,4iaf,0.82,0.8794042,1.7907474957391214,2.820489053338091
4iafS,10,4iaf,0.82,0.86783016,1.9083626063718535,4.00945669636174
4iafS,4,4iaf,0.82,0.8783903,1.832236220880291,3.709512939726724
4iafS,14,4iaf,0.82,0.8676282,1.8764965886338487,3.477243376584389
4iafS,15,4iaf,0.82,0.8370482,1.7963958542149472,3.597772956983251
4iafS,1,4iaf,0.82,0.8723649,1.7423819109418106,2.5836673547498332
4iafS,3,4iaf,0.82,0.8501649,1.8278500854718227,3.1083629533888093
4iafS,2,4iaf,0.82,0.836114,1.8038145849589335,2.9350101788579885
4iafS,16,4iaf,0.82,0.8473737,1.928667424031506,3.8502362914501753
4iafS,9,4iaf,0.82,0.8779503,1.8801106328803947,4.035377832372082
4iafS,8,4iaf,0.82,0.8925802,1.7888150231345528,3.438783796635083
4iaiS,12,4iai,0.82,0.82731116,2.066027361123412,5.363497669431768
4iaiS,6,4iai,0.82,0.8630717,1.7510286547037135,3.4666970591616457
4iaiS,7,4iai,0.82,0.8576608,1.7273201881875653,3.3321279612283807
4iaiS,13,4iai,0.82,0.8729462,1.9352947150618536,4.318727821940161
4iaiS,5,4iai,0.82,0.86113673,1.735413553955377,3.324919096760101
4iaiS,11,4iai,0.82,0.84765124,1.7763835418638845,3.834111142103213
4iaiS,10,4iai,0.82,0.8588712,1.6924518751189044,2.9376515280066835
4iaiS,4,4iai,0.82,0.85366917,1.7171474928482764,3.3692518828369007
4iaiS,14,4iai,0.82,0.8641886,1.755882070507144,2.8693930107254397
4iaiS,15,4iai,0.82,0.85884196,1.7699024018841043,3.814508946116132
4iaiS,1,4iai,0.82,0.85884845,1.720410789478154,3.0787686662040725
4iaiS,17,4iai,0.82,0.85097367,1.7374832092538406,3.498915117575733
4iaiS,3,4iai,0.82,0.86604077,1.8236010854074385,3.791075144335707
4iaiS,2,4iai,0.82,0.8417329,1.7385066084551637,3.3888239110346228
4iaiS,16,4iai,0.82,0.8492056,1.7343772364667336,3.3201263153681366
4iaiS,18,4iai,0.82,0.8577438,1.837138604469603,3.7020009454347793
4iaiS,19,4iai,0.82,0.80887675,1.8139594656687976,3.235959285899624
4iaiS,9,4iai,0.82,0.84399736,1.7507413690957938,3.4564047433713547
4iaiS,21,4iai,0.82,0.83654046,1.75425943191751,3.5549315394251972
4iaiS,20,4iai,0.82,0.8437787,1.7399079384112086,3.380917405084011
4iaiS,8,4iai,0.82,0.8451647,1.7026299312906572,2.900403980482719
4iayS,12,4iay,0.87,0.84162086,1.665786339865141,3.2812616856934778
4iayS,6,4iay,0.87,0.8140363,1.6403760648541366,3.2254959308608657
4iayS,7,4iay,0.87,0.84840727,1.674270762262142,3.3963724030206115
4iayS,13,4iay,0.87,0.85021967,1.6918765186831883,3.4179818241178523
4iayS,5,4iay,0.87,0.8567226,1.6604443425282722,3.3721070934951043
4iayS,11,4iay,0.87,0.8127278,1.6097312556595138,2.7497527161546738
4iayS,10,4iay,0.87,0.7531977,1.8958852727630104,5.3351111750365625
4iayS,4,4iay,0.87,0.8256488,1.691024697766205,3.671949516265168
4iayS,14,4iay,0.87,0.849556,1.6193650190863855,3.1141802292096075
4iayS,15,4iay,0.87,0.81227165,1.7308777837961364,3.996635929128397
4iayS,1,4iay,0.87,0.8246894,1.6682269736976314,3.3797677804843342
4iayS,17,4iay,0.87,0.8518703,1.6154106679158275,3.2865470101612724
4iayS,3,4iay,0.87,0.8254238,1.6571868267826015,3.4812655744714456
4iayS,2,4iay,0.87,0.823558,1.668676959973969,3.349310526063536
4iayS,16,4iay,0.87,0.8034631,1.7369993611074832,3.990999749436224
4iayS,18,4iay,0.87,0.83412087,1.6897558875025689,3.4121260967320657
4iayS,19,4iay,0.87,0.82685393,1.8451923071611,4.708085784052794
4iayS,9,4iay,0.87,0.82793945,1.6996229232688094,3.446635787256902
4iayS,21,4iay,0.87,0.7509774,1.7717772506769185,5.481515575094173
4iayS,20,4iay,0.87,0.8308244,1.6437466077741745,3.3185629796645424
4iayS,8,4iay,0.87,0.8036199,1.60317174193732,2.727976172916472
4iayS,22,4iay,0.87,0.75314134,1.9471398957406492,4.88016933620136
4iazS,12,4iaz,0.86,0.8056724,2.0438129737196395,4.902371262970605
4iazS,6,4iaz,0.86,0.77727354,2.058722622744107,5.274797721240123
4iazS,7,4iaz,0.86,0.783172,1.7323199022993525,3.246274557088479
4iazS,13,4iaz,0.86,0.84196484,1.937804125619587,5.587404003649637
4iazS,5,4iaz,0.86,0.76450324,1.74045888024427,3.4431118555748377
4iazS,11,4iaz,0.86,0.80263615,1.6912831516889748,2.417967121364556
4iazS,10,4iaz,0.86,0.82680553,1.7138169922505813,2.5510200410816064
4iazS,4,4iaz,0.86,0.7910174,1.756837805026614,3.400422363471926
4iazS,14,4iaz,0.86,0.7865039,1.751242792154523,3.201231286552098
4iazS,15,4iaz,0.86,0.78661495,2.032687725707986,5.363961385953483
4iazS,1,4iaz,0.86,0.8543161,1.7590032700552434,3.0235760284801834
4iazS,17,4iaz,0.86,0.84860784,1.706002856963457,2.2094168348231618
4iazS,3,4iaz,0.86,0.777215,1.7041970261871249,2.7627842840149497
4iazS,2,4iaz,0.86,0.8383533,1.7577505765696375,3.021101703021598
4iazS,16,4iaz,0.86,0.8308593,1.8991715823450477,5.185804156541201
4iazS,18,4iaz,0.86,0.77986485,1.7101301880741715,2.955527660164932
4iazS,19,4iaz,0.86,0.7649324,1.8821320163126891,5.594754887392299
4iazS,9,4iaz,0.86,0.77406573,1.7291553227172218,3.18996108910438
4iazS,21,4iaz,0.86,0.84747714,1.920071651356132,4.871389765765001
4iazS,20,4iaz,0.86,0.8143494,2.0234136112709193,4.6238563180531465
4iazS,8,4iaz,0.86,0.83111,1.7231088514139603,3.1319013793540815
4iazS,22,4iaz,0.86,0.81413585,1.899800776889492,5.200855362341853
4ib0S,12,4ib0,0.83,0.7278792,1.7616337183772277,5.264185217106252
4ib0S,6,4ib0,0.83,0.78988785,1.6512399479947362,3.0227302641817064
4ib0S,7,4ib0,0.83,0.7875725,1.7035869212851995,3.354259605337667
4ib0S,13,4ib0,0.83,0.80415606,1.7252635995130945,3.6304804778431192
4ib0S,5,4ib0,0.83,0.81795275,1.6843377097023042,3.461681275045408
4ib0S,11,4ib0,0.83,0.80755484,1.7214315228335046,3.3703263566010935
4ib0S,10,4ib0,0.83,0.8234484,1.6886024071494434,3.4028978092208413
4ib0S,4,4ib0,0.83,0.7422272,1.756610680059988,4.663058679665099
4ib0S,14,4ib0,0.83,0.7635056,1.9292541757883404,5.06932806198218
4ib0S,15,4ib0,0.83,0.79055095,1.693285448397906,3.2980605285531084
4ib0S,1,4ib0,0.83,0.8074999,1.753555106689015,3.688581671862507
4ib0S,17,4ib0,0.83,0.81614214,1.658817935485818,3.0314250774182105
4ib0S,3,4ib0,0.83,0.7970799,1.6423273789084183,2.988672698707572
4ib0S,2,4ib0,0.83,0.80286527,1.7933046934576502,3.772789949096027
4ib0S,16,4ib0,0.83,0.7997912,1.675016260083679,2.850332568315494
4ib0S,18,4ib0,0.83,0.81195444,1.6853425407538958,3.510451288652216
4ib0S,19,4ib0,0.83,0.77937084,1.6848081649984747,3.681078544394292
4ib0S,9,4ib0,0.83,0.83231205,1.6741086258235789,3.0669563902996733
4ib0S,21,4ib0,0.83,0.81306297,1.8447904633476773,5.619313369976799
4ib0S,20,4ib0,0.83,0.8326057,1.91038089251111,4.686006562095278
4ib0S,8,4ib0,0.83,0.81118935,1.7213177264663124,3.084488288193036
4ib0S,22,4ib0,0.83,0.8521662,1.7072377395040774,3.089882562493275
4ib1S,12,4ib1,0.82,0.80791605,1.911419435959204,5.288107671937098
4ib1S,6,4ib1,0.82,0.8177668,1.5812322122139713,2.6999464809510583
4ib1S,7,4ib1,0.82,0.849365,1.6427780605113893,3.428549912134867
4ib1S,13,4ib1,0.82,0.8169478,1.6716899268052416,3.3827610024948553
4ib1S,5,4ib1,0.82,0.82851624,1.6226393760523157,3.4160367752704297
4ib1S,11,4ib1,0.82,0.7829467,1.750741220494397,5.067069739997665
4ib1S,10,4ib1,0.82,0.80350995,1.7155908626855298,3.4447124335711976
4ib1S,4,4ib1,0.82,0.8394172,1.6261160320203152,3.2479952663142844
4ib1S,14,4ib1,0.82,0.83569384,1.595231287866627,3.2744449911397204
4ib1S,15,4ib1,0.82,0.83391577,1.6266370615725256,3.6236211515554433
4ib1S,1,4ib1,0.82,0.80973035,1.6692170478537318,3.9396892009395863
4ib1S,17,4ib1,0.82,0.8207929,1.6149319953463972,3.3164292921755467
4ib1S,3,4ib1,0.82,0.84242576,1.5904703757882956,2.747142424411228
4ib1S,2,4ib1,0.82,0.8213918,1.5953188100474014,3.006265457340719
4ib1S,16,4ib1,0.82,0.8360679,1.6046823660572078,2.8590674616035208
4ib1S,18,4ib1,0.82,0.8166041,1.614058131049345,3.2377331962346747
4ib1S,9,4ib1,0.82,0.83575857,1.6276179162508666,3.360763231767451
4ib1S,8,4ib1,0.82,0.81346893,1.7445236053880433,4.612814677612791
4ib3S,12,4ib3,0.8,0.8265659,1.8672817794597685,2.700279846608496
4ib3S,6,4ib3,0.8,0.8496353,1.9505309992055468,2.9681991594231008
4ib3S,7,4ib3,0.8,0.8749225,1.9398231396207568,2.9102586225282456
4ib3S,13,4ib3,0.8,0.84173095,1.848964265111291,1.9571291475015131
4ib3S,5,4ib3,0.8,0.8337641,2.011084086569239,3.0113129196415307
4ib3S,11,4ib3,0.8,0.8498925,1.8936315564398252,3.0160035228759265
4ib3S,10,4ib3,0.8,0.83080906,2.029339864229953,3.26011698409735
4ib3S,4,4ib3,0.8,0.86066926,1.9771546567189344,3.2647678324805884
4ib3S,14,4ib3,0.8,0.7536638,2.1155118026122826,4.357450544756647
4ib3S,15,4ib3,0.8,0.84576774,1.934008523114538,2.9688245569585283
4ib3S,1,4ib3,0.8,0.8502739,1.9298488693513245,2.848009743663109
4ib3S,17,4ib3,0.8,0.856941,1.962253060430976,2.9663836569129085
4ib3S,3,4ib3,0.8,0.847806,1.9140388341244765,2.11724809599631
4ib3S,2,4ib3,0.8,0.8712077,1.9486011451203216,2.911028383578558
4ib3S,16,4ib3,0.8,0.8225275,2.233538220792256,5.774025177465025
4ib3S,18,4ib3,0.8,0.8724241,1.9586106760884885,2.9011310725301604
4ib3S,9,4ib3,0.8,0.8482039,1.8844659224852356,2.458958061862788
4ib3S,8,4ib3,0.8,0.86455244,1.92086239947675,2.587657338211534
4igqB,8,4igq,0.5,0.7744727,7.409019584263493,8.036970970147895
4igqB,9,4igq,0.5,0.6822982,7.475993121987205,8.496750790743482
4igqB,7,4igq,0.5,0.7726623,7.344136417578312,8.33777063278908
4igqB,6,4igq,0.5,0.72868645,7.5513092745563,7.927731587598057
4igqB,10,4igq,0.5,0.633259,7.041183309643344,6.1602987549306425
4igqB,4,4igq,0.5,0.55279493,7.1646725563699,6.424745384059977
4igqB,5,4igq,0.5,0.7544775,7.744533132474804,9.1473832528762
4igqB,1,4igq,0.5,0.73029625,7.390335529595393,7.959184663016685
4igqB,2,4igq,0.5,0.7647797,6.451778684982925,5.261230725790307
4igqB,3,4igq,0.5,0.72585016,7.511421159807245,8.37865759683495
4jizB,11,4jiz,0.2,0.78985786,14.226661944232443,19.26522443419749
4jizB,5,4jiz,0.2,0.7743379,14.229506844502232,19.237651727796717
4jizB,4,4jiz,0.2,0.81941205,14.219111950483311,19.14031238642672
4jizB,10,4jiz,0.2,0.7816098,14.23494290370348,19.27856841158077
4jizB,6,4jiz,0.2,0.77960306,14.233325482227224,19.215619005121848
4jizB,12,4jiz,0.2,0.7755656,13.93604746826502,18.720091826697857
4jizB,13,4jiz,0.2,0.7065353,13.997865195052706,18.29199311174154
4jizB,7,4jiz,0.2,0.759575,14.23559723515348,19.289155858927575
4jizB,3,4jiz,0.2,0.75716084,14.241831992740048,19.383078270749465
4jizB,17,4jiz,0.2,0.6306818,14.391451736203395,18.219956922287164
4jizB,16,4jiz,0.2,0.76593304,14.106663234222813,18.596247262552733
4jizB,2,4jiz,0.2,0.7708868,14.237228782183225,19.310329159545677
4jizB,14,4jiz,0.2,0.766804,14.173295281340732,18.894452591964654
4jizB,1,4jiz,0.2,0.8504225,14.096371197701778,18.324901343527067
4jizB,15,4jiz,0.2,0.77010185,14.224133486225524,19.227928099511917
4jizB,18,4jiz,0.2,0.77960205,14.21613483680122,18.310983404776486
4jizB,19,4jiz,0.2,0.8138255,13.964234810049158,18.799638992544512
4jizB,9,4jiz,0.2,0.8133617,14.223908393968234,19.16383106270769
4jizB,8,4jiz,0.2,0.7899629,13.917522360014711,18.627551409135876
4jizB,20,4jiz,0.2,0.69245076,14.112111703634188,17.165847517672994
4nmpD,16,4nmp,0.82,0.75204736,2.555011381465901,4.98057152844932
4nmpD,2,4nmp,0.82,0.8574707,2.2625998672810645,3.558740718287862
4nmpD,3,4nmp,0.82,0.7369086,2.0923608225146553,2.388044362025128
4nmpD,17,4nmp,0.82,0.7696643,2.4693039827895413,4.671326056378425
4nmpD,29,4nmp,0.82,0.8273064,1.984320450979104,1.01303738825376
4nmpD,1,4nmp,0.82,0.7720586,2.335736702205321,3.632914893718267
4nmpD,15,4nmp,0.82,0.6304478,3.981939903025201,6.796518952743383
4nmpD,14,4nmp,0.82,0.76544166,2.6555130184776625,5.443083776683948
4nmpD,28,4nmp,0.82,0.742635,2.074526350690717,2.9449851230524056
4nmpD,4,4nmp,0.82,0.74576443,2.096822050185692,2.692298158636968
4nmpD,10,4nmp,0.82,0.756487,2.516202786694291,5.142405067184031
4nmpD,11,4nmp,0.82,0.7216145,2.3877563478737933,4.5097880909195736
4nmpD,5,4nmp,0.82,0.75761956,1.9471451863719855,1.80984066978284
4nmpD,13,4nmp,0.82,0.7621373,1.9903692323685624,1.21839161397311
4nmpD,7,4nmp,0.82,0.7697518,2.3442228247702723,3.417041044529608
4nmpD,6,4nmp,0.82,0.7231078,2.4916726120815125,4.816956611803765
4nmpD,12,4nmp,0.82,0.5576817,3.320096063303774,6.166278354891224
4nmpD,23,4nmp,0.82,0.76473784,2.2665998924520783,4.421507406982377
4nmpD,22,4nmp,0.82,0.76783204,2.0003495998797636,1.6087930646916642
4nmpD,8,4nmp,0.82,0.78040516,2.195975719883725,3.3996462315952836
4nmpD,20,4nmp,0.82,0.74384695,2.16365286602026,3.392997329058778
4nmpD,34,4nmp,0.82,0.7439934,2.135123676966286,3.0883593338534943
4nmpD,35,4nmp,0.82,0.75295323,2.4384618191553176,4.677931981655997
4nmpD,21,4nmp,0.82,0.7177501,2.528869874188807,5.071773087392614
4nmpD,9,4nmp,0.82,0.7677522,2.10164996258116,2.4508910369496233
4nmpD,25,4nmp,0.82,0.7650749,2.3116182831420335,3.633174197585358
4nmpD,31,4nmp,0.82,0.71765625,2.788796283371184,5.426405681940856
4nmpD,19,4nmp,0.82,0.7638117,2.5639838340850116,5.175476113363872
4nmpD,18,4nmp,0.82,0.75465906,2.0296122639629934,2.393140614339242
4nmpD,30,4nmp,0.82,0.76610386,2.1889325172826575,2.880048567298824
4nmpD,24,4nmp,0.82,0.7577038,2.647028955235487,5.273754627871873
4nmpD,32,4nmp,0.82,0.78324443,2.4927918694403326,5.005979924050835
4nmpD,26,4nmp,0.82,0.8066107,2.2085526082003133,3.2417734729619836
4nmpD,27,4nmp,0.82,0.7480073,2.1033496473792552,2.270785409280233
4nmpD,33,4nmp,0.82,0.7391718,2.13131359780158,2.9829076628350397
4v2vD,5,4v2v,0.41,0.77576995,5.640036567600513,2.806104639887829
4v2vD,4,4v2v,0.41,0.5936632,7.347709208515484,6.449686513699716
4v2vD,6,4v2v,0.41,0.6960485,6.730961049149021,6.395520805610752
4v2vD,3,4v2v,0.41,0.6955362,7.509780637662224,6.495312530971855
4v2vD,2,4v2v,0.41,0.6771579,6.857512581574431,5.944438093714156
4v2vD,1,4v2v,0.41,0.573586,6.9158141195006015,6.00509175616826
6ox2Z,9,6ox2,0.87,0.9017801,2.0097388879776057,5.8906746763725755
6ox2Z,8,6ox2,0.87,0.9206161,1.4245790172342443,3.116687756485813
6ox2Z,11,6ox2,0.87,0.91584456,1.723199964681862,4.534663682599375
6ox2Z,5,6ox2,0.87,0.9368776,1.2293284030643092,1.752241136373644
6ox2Z,4,6ox2,0.87,0.92606676,1.276649740194931,2.2982990294066235
6ox2Z,10,6ox2,0.87,0.9316809,1.2622077475001738,2.3327796724080043
6ox2Z,6,6ox2,0.87,0.9302305,1.2602546295026236,2.3151075568966544
6ox2Z,12,6ox2,0.87,0.9046381,2.1817809904576997,6.768032600816452
6ox2Z,13,6ox2,0.87,0.93226475,1.276485468204646,2.3172140908550376
6ox2Z,7,6ox2,0.87,0.9077592,1.7162680255379317,4.061076546223392
6ox2Z,3,6ox2,0.87,0.9330835,1.255841648979611,2.078058846959963
6ox2Z,2,6ox2,0.87,0.9026098,2.013054027126205,5.89910251043084
6ox2Z,1,6ox2,0.87,0.93949324,1.2176323182166249,1.682179623498716
